{
  "astro.config.mjs": 1776022105.6746776,
  "extractor/fetch_bible.py": 1776026811.1681705,
  "extractor/fetch_tob.py": 1692093396.0,
  "scripts/build_annexes.py": 1776022272.5488217,
  "scripts/build_site_data.py": 1776621046.4007587,
  "scripts/generate_maps.py": 1776636172.7360647,
  "README.md": 1776621358.244583,
  "AGENTS.md": 1776619967.6394897,
  "CLAUDE.md": 1776619967.726423,
  "public/google7be578b7e788ac0e.html": 1776021337.7374048,
  "public/assets/maps/README.md": 1776621899.4658883,
  "assets/maps/README.md": 1776621899.4658883,
  "annexes/marc.md": 1776020827.0802584,
  "annexes/index.md": 1776020827.0796528,
  "annexes/harmonie.md": 1776020827.079,
  "annexes/apocryphes.md": 1776020827.0783179,
  "src/pages/annexes/marc.md": 1776622671.9712083,
  "src/pages/annexes/bibliographie.md": 1776622671.9720948,
  "src/pages/annexes/apocryphes.md": 1776622671.9708579,
  "public/assets/carte4.jpg": 1693579768.0,
  "public/assets/carte5.jpg": 1693580666.0,
  "public/assets/vue_de_genezareth.jpg": 1693298447.0,
  "public/assets/carte6.jpg": 1693581228.0,
  "public/assets/Genezareth.png": 1693298380.0,
  "public/assets/map_bible_holy_land.png": 1693038584.0,
  "public/assets/desert_de_judee.webp": 1693150365.0,
  "public/assets/maps/generated/chapitre-07-galilee.svg": 1776622671.69097,
  "public/assets/maps/generated/chapitre-08-jerusalem.svg": 1776622671.69448,
  "public/assets/maps/generated/chapitre-06-judee-samarie.svg": 1776622671.6890109,
  "public/assets/maps/generated/chapitre-07-traversee-lac.svg": 1776622671.6933556,
  "public/assets/maps/generated/chapitre-02-naissance-jeunesse.svg": 1776622671.6835935,
  "public/assets/maps/generated/chapitre-03-debut-ministere-judee.svg": 1776622671.6851633,
  "public/assets/maps/generated/chapitre-04-bethanie.svg": 1776622671.686511,
  "public/assets/maps/generated/chapitre-05-galilee.svg": 1776622671.6877282,
  "public/assets/maps/sources/Jerusalem_premier_siecle.JPG": 1776621797.2465646,
  "public/assets/maps/sources/Holy_sites_of_Jesus_in_Palestine.svg": 1776617817.1133258,
  "assets/carte4.jpg": 1693579768.0,
  "assets/carte5.jpg": 1693580666.0,
  "assets/vue_de_genezareth.jpg": 1693298447.0,
  "assets/carte6.jpg": 1693581228.0,
  "assets/Genezareth.png": 1693298380.0,
  "assets/map_bible_holy_land.png": 1693038584.0,
  "assets/desert_de_judee.webp": 1693150365.0,
  "assets/maps/generated/chapitre-07-galilee.svg": 1776622671.69097,
  "assets/maps/generated/chapitre-08-jerusalem.svg": 1776622671.69448,
  "assets/maps/generated/chapitre-06-judee-samarie.svg": 1776622671.6890109,
  "assets/maps/generated/chapitre-07-traversee-lac.svg": 1776622671.6933556,
  "assets/maps/generated/chapitre-02-naissance-jeunesse.svg": 1776622671.6835935,
  "assets/maps/generated/chapitre-03-debut-ministere-judee.svg": 1776622671.6851633,
  "assets/maps/generated/chapitre-04-bethanie.svg": 1776622671.686511,
  "assets/maps/generated/chapitre-05-galilee.svg": 1776622671.6877282,
  "assets/maps/sources/Jerusalem_premier_siecle.JPG": 1776621797.2465646,
  "assets/maps/sources/Holy_sites_of_Jesus_in_Palestine.svg": 1776617817.1133258
}